ticker,sector,alpha_arithmetic_annual_pct,se_arithmetic_annual_pct,p_value,holm_p_value,lower95_arithmetic_annual_pct,upper95_arithmetic_annual_pct
XLY,Consumer Discretionary,-0.353322164745,1.5986455717,0.825081964426,1,-3.48666748528,2.78002315579
XLP,Consumer Staples,-0.536209844237,1.32173642589,0.684973396625,1,-3.12681323899,2.05439355051
XLE,Energy,-2.35478066591,4.48694745604,0.59971748382,1,-11.1491976797,6.43963634793
XLF,Financials,-2.39738688716,1.94286560864,0.21722386305,1,-6.20540348009,1.41062970577
XLV,Health Care,1.5069273779,1.73680556666,0.38558974029,1,-1.89721153274,4.91106628855
XLI,Industrials,-0.705615272496,1.31749862822,0.592254438405,1,-3.28791258381,1.87668203881
XLB,Materials,-3.54576738268,2.19087480173,0.105570956141,0.844567649124,-7.83988199407,0.7483472287
XLK,Technology,3.87013163323,1.98726141518,0.0514784344008,0.463305909607,-0.0249007405232,7.76516400699
XLU,Utilities,0.0767514051204,2.54357335061,0.97592777525,1,-4.90865236207,5.06215517231
